CMS Certification Number,Hospital Name,State,ownership
024002,Alaska Psychiatric Institute,AK,government
074015,Albert J. Solnit Psychiatric Center - South Campus,CT,government
394011,Allentown State Hospital,PA,government
144016,Alton Mental Health Center,IL,government
314005,Ancora Psychiatric Hospital,NJ,government
314025,Ann Klein Forensic Center,NJ,government
244002,Anoka-Metro Regional Treatment Center,MN,government
364015,Appalachian Behavioral Healthcare - Athens Campus,OH,government
034021,Arizona State Hospital,AZ,government
034016,Arizona State Hospital,AZ,government
044011,Arkansas State Hospital,AR,government
314023,Aspen Hill Health Care Center,NJ,government
454084,Austin State Hospital,TX,government
014014,Baypointe Children's Hospital,AL,government
194101,Behavioral Hospital of Southeast Louisiana,LA,government
454000,Big Spring State Hospital,TX,government
384011,Blue Mountain Recovery Center,OR,government
244008,Brainerd Regional Human Services Center,MN,government
334053,Bronx Psychiatric Center,NY,government
344002,Broughton Hospital,NC,government
344025,Broughton Hospital,NC,government
334026,Brunswick Hospital Center,NY,government
014007,Bryce Hospital,AL,government
334052,Buffalo Psychiatric Center,NY,government
224031,Cape Cod/Islands Community Mental Health Center,MA,government
344010,Cape Fear Valley Behavioral Health Care,NC,government
334046,Capital District Psychiatric Center,NY,government
374006,Carl Albert Community Mental Health Center,OK,government
234025,Caro Center,MI,government
074009,Cedarcrest Hospital,CT,government
264008,Center For Behavioral Medicine,MO,government
234041,Center for Forensic Psychiatry,MI,government
344013,CenterPoint Human Services,NC,government
334014,CENTRAL ISLIP P.C.,NY,government
194025,Central Louisiana State Hospital,LA,government
374007,Central Oklahoma Community Mental Health Center,OK,government
344004,Central Regional Hospital,NC,government
114018,Central State Hospital,GA,government
184015,Central State Hospital,KY,government
164002,Cherokee Mental Health Institute,IA,government
344003,Cherry Hospital,NC,government
344026,Cherry Hospital,NC,government
144010,Chicago Read Mental Health Center,IL,government
144038,Choate Mental Health & Development Center,IL,government
164005,Clarinda Mental Health Institute,IA,government
394012,Clarks Summit State Hospital,PA,government
234036,CLINTON VALLEY CENTER,MI,government
39004F,Coatesville VA Medical Center,PA,government
064003,Colorado Mental Health Institute at Fort Logan,CO,government
064001,Colorado Mental Health Institute at Pueblo,CO,government
244005,Community Addiction Recovery Enterprise-Willmar,MN,government
244012,Community Behavioral Health Hospital - Alexandria,MN,government
244015,Community Behavioral Health Hospital - Baxter,MN,government
244017,Community Behavioral Health Hospital - Rochester,MN,government
244011,Community Behavioral Health Hospital of Annandale,MN,government
244014,Community Behavioral Health Hospital of Bemidji,MN,government
244013,Community Behavioral Health Hospital of Fergus Falls,MN,government
244010,Community Behavioral Health Hospital of Saint Peter,MN,government
074003,Connecticut Valley Hospital,CT,government
054124,County Of Humboldt Mental Health Branch,CA,government
424001,CRAFTS-FARROW STATE HOSPITAL,SC,government
334004,Creedmoor Psychiatric Center,NY,government
214001,CROWNSVILLE HOSPITAL CENTER,MD,government
454087,DALLAS COUNTY MHMR CENTER,TX,government
394004,Danville State Hospital,PA,government
084001,Delaware Psychiatric Center,DE,government
234019,DETROIT PSYCHIATRIC INSTITUTE,MI,government
394048,Divine Providence Hospital,PA,government
344001,Dorothea Dix Hospital,NC,government
284009,Douglas County Health Center,NE,government
114029,East Central Regional Hospital - Augusta Campus,GA,government
194008,Eastern Louisiana Health System - Feliciana Forensic Facility,LA,government
384002,Eastern Oregon Psychiatric Center,OR,government
214002,Eastern Shore Hospital Center,MD,government
374002,Eastern State Hospital,OK,government
184004,Eastern State Hospital,KY,government
504004,Eastern State Hospital,WA,government
494030,Eastern State Hospital,VA,government
454092,El Paso Psychiatric Center,TX,government
454100,El Paso Psychiatric Center,TX,government
144037,Elgin Mental Health Center,IL,government
334045,Elmira Psychiatric Center,NY,government
314018,Elmwood Hills Healthcare Center,NJ,government
224037,Erich Lindemann Mental Health Center,MA,government
314020,Essex County Hospital Center,NJ,government
15J200,Evansville Psychiatric Children's Center,IN,government
244006,Eveleth Health Services Park,MN,government
244003,Fergus Falls Regional Treatment Center,MN,government
524025,Fond du Lac County Acute Psychiatric Unit,WI,government
264004,Fulton State Hospital,MO,government
104002,G. Pierce Wood Hospital,FL,government
424005,G. Werber Bryan Psychiatric Hospital,SC,government
114001,GEORGIA MENTAL HEALTH INSTITUTE,GA,government
114019,Georgia Regional Hospital - Atlanta,GA,government
114028,Georgia Regional Hospital at Savannah,GA,government
344029,Good Hope Hospital,NC,government
334012,Greater Binghamton Health Center,NY,government
074012,Greater Bridgeport Community Mental Health Center,CT,government
114020,GREENLEAF CENTER OF NORTH GEORGIA,GA,government
014005,Greil Memorial Psychiatric Hospital,AL,government
314016,Greystone Park Psychiatric Hospital,NJ,government
374000,Griffin Memorial Hospital,OK,government
224017,H.C. SOLOMON MENTAL HEALTH CENTER,MA,government
394010,Harrisburg State Hospital,PA,government
394002,HAVERFORD STATE HOSPITAL,PA,government
364031,Heartland Behavioral Healthcare,OH,government
214014,HIGHLAND HEALTH,MD,government
314024,Hudons County Meadowview Psychiatric Hospital,NJ,government
334010,Hudson River Psychiatric Center,NY,government
334001,Hutchings Psychiatric Center,NY,government
164003,Independence Mental Health Institute,IA,government
374008,Jim Taliaferro Community Mental Health Center,OK,government
224028,John C. Corrigan Mental Health Center,MA,government
344023,Julian F. Keith Alcohol and Drug Abuse Treatment Center,NC,government
234026,Kalamazoo Psychiatric Hospital,MI,government
454014,Kerrville State Hospital,TX,government
334030,KINGS PARK,NY,government
334058,Kingsboro Psychiatric Center,NY,government
334060,Kirby Forensic Psychiatric Center,NY,government
444000,Lakeshore Mental Health Institute,TN,government
384009,Lane County Psychiatric Hospital,OR,government
054144,Langley Porter Psychiatric Hospital and Clinics,CA,government
174006,Larned State Hospital,KS,government
344011,Larry B. Zieverink Sr. Addiction Treatment Center,NC,government
284003,Lincoln Regional Center,NE,government
144028,Madden Mental Health Center,IL,government
154019,Madison State Hospital,IN,government
334054,Manhattan Psychiatric Center,NY,government
314003,MARLBORO PSYCHIATRIC HOSPITAL,NJ,government
014012,Mary Starke Harper Geriatric Psychiatry Center,AL,government
394018,Mayview State Hospital,PA,government
144021,McFarland Mental Health Center,IL,government
224030,MEDFIELD STATE HOSPITAL,MA,government
444001,Memphis Mental Health Institute,TN,government
524008,Mendota Mental Health Institute,WI,government
264025,Metropolitan Saint Louis Psychiatric Center,MO,government
054133,Metropolitan State Hospital,CA,government
334061,Mid-Hudson Forensic Psychiatric Center,NY,government
444014,Middle Tennessee Mental Health Institute,TN,government
334017,Middletown Psychiatric Center,NY,government
514009,Mildred Mitchell-Bateman Hospital,WV,government
524001,Milwaukee County Behavioral Health,WI,government
254010,Mississippi State Hospital,MS,government
264011,Missouri Psychiatric Center,MO,government
444002,Moccasin Bend Mental Health Institute,TN,government
334021,Mohawk Valley Psychiatric Center,NY,government
274086,Montana State Hospital,MT,government
164004,Mount Pleasant Mental Health Institute,IA,government
054122,Napa State Hospital,CA,government
304000,New Hampshire Hospital,NH,government
194012,New Orleans Adolescent Hospital & Community Services,LA,government
334009,New York State Psychiatric Institute,NY,government
284004,Norfolk Regional Center,NE,government
394001,Norristown State Hospital,PA,government
524017,North Central Health Care Wausau Campus,WI,government
354003,North Dakota State Hospital,ND,government
254009,North Mississippi State Hospital,MS,government
454008,North Texas State Hospital - Wichita Falls Campus,TX,government
364011,Northcoast Behavioral Healthcare - Northfield Campus,OH,government
104007,Northeast Florida State Hospital,FL,government
294000,Northern Nevada Adult Mental Health Services,NV,government
494010,Northern Virginia Mental Health Institute,VA,government
194007,Northlake Behavioral Hospital,LA,government
234034,NORTHVILLE PSYCHIATRIC HOSPITAL,MI,government
374001,Northwest Center for Behavioral Health,OK,government
114014,Northwest Georgia Regional Hospital,GA,government
264007,Northwest Missouri Psychiatric Rehabilitation Center,MO,government
364014,Northwest Ohio Psychiatric Hospital,OH,government
074005,NORWICH HOSPITAL,CT,government
524019,Norwood Health Center,WI,government
384008,Oregon State Hospital - Salem,OR,government
174004,Osawatomie State Hospital,KS,government
444010,Pathways Behavioral Health Services,TN,government
424011,Patrick B. Harris Psychiatric Hospital,SC,government
21010F,Perry Point VA Medical Center,MD,government
334013,Pilgrim Psychiatric Center,NY,government
454039,PINEYWOODS HOSPITAL,TX,government
504010,Puget Sound Behavioral Health,WA,government
224025,Quincy Mental Health Center,MA,government
344027,R.J. Blackley Alcohol and Drug Abuse Treatment Center,NC,government
174010,Rainbow Mental Health Facility,KS,government
054009,Resnick Neuropsychiatric Hospital at University of California Los Angeles,CA,government
154018,Richmond State Hospital,IN,government
454088,Rio Grande State Center / South Texas Health Care System,TX,government
204007,Riverview Psychiatric Center,ME,government
334020,Rochester Psychiatric Center,NY,government
524039,ROCK COUNTY INPATIENT HOSPITAL,WI,government
334015,Rockland Psychiatric Center,NY,government
314027,Runnells Center for Rehab and Healthcare,NJ,government
454009,Rusk State Hospital,TX,government
314011,Rutgers University Behavioral Healthcare,NJ,government
334064,Sagamore Children's Psychiatric Center,NY,government
094001,Saint Elizabeths Hospital,DC,government
334003,Saint Lawrence Psychiatric Center,NY,government
264010,Saint Louis Psychiatric Rehabilitation Center,MO,government
244004,Saint Peter Regional Treatment Center,MN,government
454011,San Antonio State Hospital,TX,government
054066,SAN BDNO.CO.DEPT.OF BEHAVIORAL HEALT,CA,government
054114,San Diego County Psychiatric Hospital,CA,government
404006,San Juan Capestrano Hospital,PR,government
054125,"Santa Barbara County Alcohol, Drug and Mental Health Services",CA,government
014008,Searcy Hospital,AL,government
314017,Senator Garrett W. Hagedorn Psychiatric Hospital,NJ,government
054108,Shasta County Community Mental Health Center,CA,government
274004,Shodair Children's Hospital,MT,government
454090,SILVER BRIDGE BEHAVIORAL HEALTH HOSP,TX,government
144023,Singer Mental Health Center,IL,government
224036,Solomon Carter Fuller Mental Health Center,MA,government
224040,Solomon Carter Fuller Mental Health Center,MA,government
334043,South Beach Psychiatric Center,NY,government
434003,South Dakota Human Services Center,SD,government
104001,South Florida State Hospital,FL,government
254008,South Mississippi State Hospital,MS,government
264005,Southeast Missouri Mental Health Center,MO,government
294002,Southern Nevada Adult Mental Health Services,NV,government
494017,Southern Virginia Mental Health Institute,VA,government
264027,Southwest Missouri Psychiatric Rehabilitation Center,MO,government
114021,Southwestern State Hospital,GA,government
214018,Spring Grove Hospital Center,MD,government
214004,Springfield Hospital Center,MD,government
134010,State Hospital South,ID,government
364035,Summit Behavioral Healthcare Hospital,OH,government
114033,SummitRidge,GA,government
454093,Sunrise Canyon Hospital,TX,government
224001,Taunton State Hospital,MA,government
014011,Taylor Hardin Secure Medical Facility,AL,government
454006,Terrell State Hospital,TX,government
104038,TGH - UNIVERSITY PSYCHIATRY CENTER,FL,government
524014,The Brown County Community Treatment Center,WI,government
074011,The Connecticut Mental Health Center,CT,government
144029,The Pavilion,IL,government
454076,The University of Texas - Harris County Psychiatric Center,TX,government
474004,The Vermont Psychiatric Care Hospital,VT,government
214012,Thomas B. Finan Center,MD,government
144019,Tinley Park Mental Health Center,IL,government
174017,Topeka State Hospital,KS,government
394026,Torrance State Hospital,PA,government
314013,Trenton Psychiatric Hospital,NJ,government
01021F,Tuscaloosa VA Medical Center,AL,government
364007,Twin Valley Behavioral Healthcare - Columbus Campus,OH,government
364023,Twin Valley Behavioral Healthcare - Dayton Campus,OH,government
464009,University Neuropsychiatric Insitute,UT,government
214019,Upper Shore Community Mental Health Center,MD,government
464001,Utah State Hospital,UT,government
474002,Vermont State Hospital,VT,government
474003,Vermont State Hospital,VT,government
344024,Walter B. Jones Alcohol and Drug Abuse Treatment Center,NC,government
214011,Walter P. Carter Center,MD,government
234035,Walter Reuther Psychiatric Hospital,MI,government
394016,Warren State Hospital,PA,government
524026,Waukesha County Mental Health Center,WI,government
394014,Wernersville State Hospital,PA,government
114013,West Central Georgia Regional Hospital,GA,government
104027,West Florida Community Care Center,FL,government
224026,Westborough State Hospital,MA,government
444008,Western Mental Health Institute,TN,government
504003,Western State Hospital,WA,government
184002,Western State Hospital,KY,government
514010,"William R Sharpe, Jr Hospital",WV,government
524002,Winnebago Mental Health Institute,WI,government
224032,Worcester State Hospital,MA,government
534001,Wyoming State Hospital,WY,government
144022,Zeller Mental Health Center (Northcentral),IL,government
454098,Abilene Behavioral Health,TX,proprietary
194044,Acadia Vermilion Hospital,LA,proprietary
364050,Access Hospital Dayton,OH,proprietary
454101,Allegiance Behavioral Health Center Of Plainview,TX,proprietary
194087,Allegiance Behavioral Health Center of Ruston,LA,proprietary
324007,ALLIANCE HOSP OF SANTA TERESA,NM,proprietary
054075,Alvarado Parkway Institute,CA,proprietary
054106,ANACAPA HOSPITAL,CA,proprietary
114032,Anchor Hospital,GA,proprietary
104056,ANCLOTE PSYCHIATRIC HOSPITAL LTD.,FL,proprietary
194105,Apollo Behavioral Health Hospital,LA,proprietary
224021,Arbour - Fuller Hospital,MA,proprietary
224018,Arbour - HRI Hospital,MA,proprietary
224013,Arbour Hospital,MA,proprietary
364036,Arrowhead Behavioral Health,OH,proprietary
454112,Aspire Behavioral Hospital Conroe,TX,proprietary
154062,Assurance Health - Anderson,IN,proprietary
104065,Atlantic Shores Hospital,FL,proprietary
064012,AURORA BEHAVIORAL HEALTH HOSPITAL,CO,proprietary
054069,Aurora Charter Oak Hospital,CA,proprietary
034028,Aurora East,AZ,proprietary
054095,Aurora San Diego Hospital,CA,proprietary
054151,Aurora Santa Rosa Hospital,CA,proprietary
034024,Aurora West,AZ,proprietary
454069,Austin Lakes Hospital,TX,proprietary
454121,Austin Oaks Hospital,TX,proprietary
224033,Baldpate Hospital,MA,proprietary
194107,Baton Rouge Behavioral Hospital,LA,proprietary
104066,BAY CITY BEHAVIORAL HEALTH CTR,FL,proprietary
454096,Bayview Behavioral Hospital,TX,proprietary
054139,BAYVIEW HOSPITAL,CA,proprietary
454042,BAYVIEW PSYCHIATRIC CENTER,TX,proprietary
194102,Beacon Behavioral Hospital,LA,proprietary
194112,Beacon Behavioral Hospital - Central,LA,proprietary
194080,Beacon Behavioral Hospital Northshore,LA,proprietary
194084,Beacon Behavioral Hospital-New Orleans,LA,proprietary
364051,Beckett Springs,OH,proprietary
234042,Behavioral Center of Michigan,MI,proprietary
234039,Behavioral Center of Michigan,MI,proprietary
444019,Behavioral Healthcare Center at Clarksville,TN,proprietary
444021,Behavioral Healthcare Center at Columbia,TN,proprietary
014018,Behavioral Healthcare Center at Huntsville,AL,proprietary
444005,Behavioral Healthcare Centers at Martin,TN,proprietary
444024,Behavioral Healthcare Centers at Memphis,TN,proprietary
494011,BEHAVIORAL HEALTHCARE OF NORFOLK DBA,VA,proprietary
454105,Behavioral Hospital of Longview,TX,proprietary
194072,Behavioral Hospital of Shreveport,LA,proprietary
054003,BELMONT HILLS HOSPITAL,CA,proprietary
364038,Belmont Pines Hospital,OH,proprietary
464003,BENCHMARK BEHAVIORAL HOSPITAL,UT,proprietary
334023,BENJAMIN RUSH CENTER,NY,proprietary
344020,BHC - CEDAR SPRING,NC,proprietary
154046,BHC - LEBANON,IN,proprietary
054032,BHC Alhambra Hospital,CA,proprietary
174014,BHC COLLEGE MEADOWS HOSPITAL,KS,proprietary
054065,BHC SAN LUIS REY HOSPITAL,CA,proprietary
054052,BHC WALNUT CREEK HOSPITAL,CA,proprietary
194027,BHC-EAST LAKE HOSPITAL,LA,proprietary
384010,BHC-PACIFIC GATEWAY,OR,proprietary
154041,Bloomington Meadows Hospital,IN,proprietary
224022,Bournewood Hospital,MA,proprietary
414003,Bradley Hospital,RI,proprietary
254007,Brentwood Behavioral Healthcare of Mississippi,MS,proprietary
194036,BRENTWOOD BEHAVIORIAL HEALTHCARE LCC,LA,proprietary
194020,Brentwood Hospital,LA,proprietary
154055,Brentwood Meadows,IN,proprietary
364046,Bridgewell Hospital of Cincinnati,OH,proprietary
394049,Brooke Glen Behavioral Hospital,PA,proprietary
374012,Brookhaven Hospital,OK,proprietary
334022,Brylin Hospitals,NY,proprietary
344016,Brynn Marr Hospital,NC,proprietary
364027,Cambridge Behavioral Health,OH,proprietary
454120,Cambridge Hospital,TX,proprietary
054111,Canyon Ridge Hospital,CA,proprietary
134006,Canyon View Psychiatric and Addiction Services,ID,proprietary
054064,CAPISTRANO BY THE SEA HOSPITAL,CA,proprietary
454119,Carrollton Springs,TX,proprietary
504011,Cascade Behavioral Hospital,WA,proprietary
304003,CBHS OF BROOKSIDE / NEW ENGLAND LLC,NH,proprietary
114017,CBHS OF CENTRAL GEORGIA (LAKE),GA,proprietary
494018,CBHS OF CHARLOTTESVILLE,VA,proprietary
264015,CBHS OF COLUMBIA,MO,proprietary
454043,CBHS OF CORPUS CHRISTI,TX,proprietary
454057,CBHS OF DALLAS,TX,proprietary
034008,CBHS OF DESERT VISTA,AZ,proprietary
034010,CBHS OF GLENDALE,AZ,proprietary
154029,CBHS OF INDIANA @ JEFFERSON,IN,proprietary
154036,CBHS OF INDIANAPOLIS,IN,proprietary
174015,CBHS OF KANSAS CITY (OVERLAND PARK),KS,proprietary
044012,CBHS OF LITTLE ROCK,AR,proprietary
524035,CBHS OF MILWAUKEE/BROWN DEER,WI,proprietary
054113,CBHS OF MISSION VIEJO,CA,proprietary
254001,CBHS OF MISSISSIPPI (JACKSON),MS,proprietary
294005,CBHS OF NEVADA (LAS VEGAS),NV,proprietary
154038,CBHS OF NW INDIANA,IN,proprietary
104041,CBHS OF ORLANDO SOUTH,FL,proprietary
054099,CBHS OF PALM SPRINGS,CA,proprietary
054098,CBHS OF SACRAMENTO,CA,proprietary
054119,CBHS OF SAN JOSE,CA,proprietary
104054,CBHS OF TAMPA BAY AT PASCO,FL,proprietary
154032,CBHS OF TERRE HAUTE,IN,proprietary
454114,Cedar Crest Hospital and Residential Treatment Center,TX,proprietary
384012,Cedar Hills Hospital,OR,proprietary
374023,Cedar Ridge Residential Treatment Center,OK,proprietary
064009,Cedar Springs Hospital,CO,proprietary
064007,Centennial Peaks Hospital,CO,proprietary
264012,CenterPointe Hospital,MO,proprietary
324014,Central Desert Behavioral Health Center,NM,proprietary
104072,Central Florida Behavioral Hospital,FL,proprietary
194021,Charis Hospital,LA,proprietary
224035,CHARLES RIVER HOSPITAL,MA,proprietary
224034,CHARLES RIVER HOSPITAL - WEST,MA,proprietary
344005,CHARTER ASHEVILLE BHS,NC,proprietary
194024,CHARTER BAYOU OAKS BHS,LA,proprietary
154026,CHARTER BEACON BHS,IN,proprietary
114025,CHARTER BHS OF ATHENS (WINDS),GA,proprietary
114027,CHARTER BHS OF AUGUSTA,GA,proprietary
454038,CHARTER BHS OF AUSTIN,TX,proprietary
054060,CHARTER BHS OF CORONA,CA,proprietary
194028,CHARTER BHS OF CYPRESS,LA,proprietary
034009,CHARTER BHS OF EAST VALLEY,AZ,proprietary
154028,CHARTER BHS OF LAFAYETTE,IN,proprietary
194018,CHARTER BHS OF LAKE CHARLES,LA,proprietary
524034,CHARTER BHS OF MILWAUKEE,WI,proprietary
014002,CHARTER BHS OF MOBILE,AL,proprietary
184011,CHARTER BHS OF PADUCAH,KY,proprietary
434004,CHARTER BHS OF SIOUX FALLS,SD,proprietary
454045,CHARTER BHS OF SOUTEAST TEXAS,TX,proprietary
104029,CHARTER GLADE BHS,FL,proprietary
454072,CHARTER GRAPEVINE BHS,TX,proprietary
324003,CHARTER HEIGHTS (NE) BHS,NM,proprietary
114003,CHARTER MIDTOWN BHS,GA,proprietary
454028,CHARTER PALMS BHS,TX,proprietary
344019,CHARTER PINES B.H.S,NC,proprietary
454030,CHARTER PLAINS BHS,TX,proprietary
454037,CHARTER REAL BEHAVIORAL HEALTH SYS,TX,proprietary
424009,CHARTER SANDS BHS,SC,proprietary
154037,CHARTER SOUTH BEND BHS,IN,proprietary
104034,CHARTER SPRINGS BHS,FL,proprietary
494016,CHARTER WESTBROOK BHS,VA,proprietary
174012,CHARTER WICHITA BHS,KS,proprietary
014003,CHARTER WOODS BHS,AL,proprietary
514007,Chestnut Ridge Hospital,WV,proprietary
144040,Chicago Behavioral Hospital,IL,proprietary
144005,Chicago Lakeshore Hospital,IL,proprietary
394043,Clarion Psychiatric Center,PA,proprietary
364052,ClearVista Health and Wellness,OH,proprietary
114008,Coastal Harbor Treatment Center,GA,proprietary
114015,Coliseum Center for Behavioral Health,GA,proprietary
054055,College Hospital Cerritos,CA,proprietary
064020,COLUMBIA BETHESDA BEHAVIORIAL,CO,proprietary
154048,Columbus Behavioral Center for Children and Adolescents,IN,proprietary
444020,Community Behavioral Health,TN,proprietary
054091,Community Behavioral Health Center,CA,proprietary
194056,Community Care Hospital,LA,proprietary
194106,Compass Behavioral Center of Alexandria,LA,proprietary
194085,Compass Behavioral Center of Crowley,LA,proprietary
194109,Compass Behavioral Center of Houma,LA,proprietary
464011,Copper Hills Youth Center,UT,proprietary
104052,CORAL RIDGE PSYCHIATRIC HOSPITAL,FL,proprietary
174020,Cottonwood Springs,KS,proprietary
374019,CPC SOUTHWIND HOSPITAL,OK,proprietary
534003,CREST VIEW HOSPITAL,WY,proprietary
454133,Cross Creek Hospital,TX,proprietary
104046,CROSSROADS-UBC,FL,proprietary
184014,Cumberland Hall Hospital,KY,proprietary
454108,Cypress Creek Hospital,TX,proprietary
454063,Cypress Creek Hospital,TX,proprietary
194071,Cypress Psychiatric Hospital,LA,proprietary
454126,Dallas Behavioral Healthcare Hospital,TX,proprietary
054053,Del Amo Hospital,CA,proprietary
194000,DePaul Hospital,LA,proprietary
294013,Desert Parkway Behavioral Hospital,NV,proprietary
454049,Desert Springs Medical Center,TX,proprietary
064011,Devereux Colorado,CO,proprietary
154058,Doctors NeuroPsychiatric Hospital and Research Institute,IN,proprietary
494023,Dominion Hospital,VA,proprietary
104037,DORAL PALMS HOSPITAL (CBHC),FL,proprietary
204004,Dorothea Dix Psychiatric Center,ME,proprietary
084004,Dover Behavioral Health System,DE,proprietary
364049,Dublin Springs,OH,proprietary
054001,EDGEMONT HOSPITAL,CA,proprietary
194067,Edgewood Hospital,LA,proprietary
454109,El Paso Behavioral Health System,TX,proprietary
104073,Emerald Coast Behavioral Hospital,FL,proprietary
194092,Endeavor Seniorcare Hospital,LA,proprietary
394031,Eugenia Hospital,PA,proprietary
104060,FAIR OAKS HOSPITAL AT BOCA/DEL,FL,proprietary
504002,Fairfax Hospital,WA,proprietary
394027,Fairmount Behavioral Health System,PA,proprietary
444013,FIRST HOSPISTAL CORP OF NASHVILLE,TN,proprietary
394039,First Hospital Wyoming Valley,PA,proprietary
194099,Focus Behavioral Hospital,LA,proprietary
144036,FOREST HOSPITAL,IL,proprietary
234030,Forest View Hospital,MI,proprietary
194062,FOREST VIEW HOSPITAL,LA,proprietary
104026,Fort Lauderdale Hospital,FL,proprietary
334049,Four Winds Saratoga,NY,proprietary
334062,Four Winds Syracuse,NY,proprietary
334002,Four Winds Westchester,NY,proprietary
364037,Fox Run - The Center for Children and Adolescents,OH,proprietary
054110,Fremont Hospital,CA,proprietary
394008,Friends Hospital,PA,proprietary
144039,Garfield Park Behavioral Hospital,IL,proprietary
054028,Gateways Hospital and Mental Health Center,CA,proprietary
364054,Generations Behavioral Health - Geneva,OH,proprietary
194089,Genesis Behavioral Hospital,LA,proprietary
454129,Georgetown Behavioral Health Institute,TX,proprietary
454050,Glen Oaks Hospital,TX,proprietary
194070,Golden Age Senior Care Hospital,LA,proprietary
194064,GREEN HILL HOSPITAL,LA,proprietary
454031,Green Oaks Behavioral Healthcare Service,TX,proprietary
454094,Green Oaks Hospital,TX,proprietary
194014,GREENBRIER HOSPITAL,LA,proprietary
194069,Greenbrier Hospital,LA,proprietary
114036,Greenleaf Center,GA,proprietary
114022,Greenleaf Counseling Center,GA,proprietary
104032,Gulf Coast Treatment Center,FL,proprietary
454091,GULF PINES BEHAVIORAL HEALTH,TX,proprietary
454046,GULF PINES HOSPITAL,TX,proprietary
104055,GULF SHORES INSTITUTE INC,FL,proprietary
214010,GUNDRY GLASS HOSPITAL,MD,proprietary
304001,Hampstead Hospital,NH,proprietary
314021,Hampton Hospital,NJ,proprietary
234021,Harbor Oaks Hospital,MI,proprietary
154054,Harsha Behavioral Center,IN,proprietary
144026,Hartgrove Hospital,IL,proprietary
284002,Hastings Regional Center,NE,proprietary
064018,Haven Behavioral Health Unit,CO,proprietary
324013,Haven Behavioral Hospital of Albuquerque,NM,proprietary
364048,Haven Behavioral Hospital of Dayton,OH,proprietary
394052,Haven Behavioral Hospital of Eastern Pennsylvania,PA,proprietary
454134,Haven Behavioral Hospital of Frisco,TX,proprietary
394053,Haven Behavioral Hospital of Philadelphia,PA,proprietary
064025,Haven Behavioral Hospital of Southern Colorado,CO,proprietary
034020,Haven Senior Horizons,AZ,proprietary
234023,Havenwyck Hospital,MI,proprietary
194077,Health Paradigm Hospital,LA,proprietary
194065,Health Paradigm Medical Center,LA,proprietary
264013,HEARTLAND HOSPITAL,MO,proprietary
054104,Heritage Oaks Hospital,CA,proprietary
054146,Heritage Psychiatric Health Center,CA,proprietary
454065,Hickory Trail Hospital,TX,proprietary
374022,HIGH POINTE HEALTHCARE INC.,OK,proprietary
514011,Highland Clarksburg Hospital,WV,proprietary
194039,HIGHLAND HILLS HOSPITAL,LA,proprietary
464015,Highland Ridge Hospital,UT,proprietary
364053,Highland Springs,OH,proprietary
064024,Highlands Behavioral Health System,CO,proprietary
014000,Hill Crest Behavioral Health Services,AL,proprietary
334055,Holliswood Hospital,NY,proprietary
344014,Holly Hill Hospital,NC,proprietary
394034,Horsham Clinic,PA,proprietary
404007,Hospital Psiquiatrico Metropolitano,PR,proprietary
454135,Houston Behavioral Healthcare Hospital,TX,proprietary
054142,INGLESIDE HOSPITAL,CA,proprietary
134012,INLAND BEHAVIORAL HLTH. INST.LTD. C,ID,proprietary
404008,Insipra Behavioral Care,PR,proprietary
134002,Intermountain Hospital,ID,proprietary
194082,Jennings Senior Care Hospital,LA,proprietary
054147,Joyce Eisenberg-Keefer Medical Center,CA,proprietary
194111,Kailo Behavioral Hospital,LA,proprietary
054150,Kaiser Permanente Behavioral Health Center in Santa Clara,CA,proprietary
054083,Kedren Community Mental Health Center,CA,proprietary
454103,Kingwood Pines Hospital,TX,proprietary
454099,Kingwood Pines Hospital,TX,proprietary
394007,Kirkbride Center,PA,proprietary
154043,Koala Hospital and Counseling Center of Columbus,IN,proprietary
154027,Koala Hospital Lebanon,IN,proprietary
154044,Koala Hospital Plymouth,IN,proprietary
154045,KOALA HOSPITAL-INDIANAPOLIS,IN,proprietary
194068,Kovvur Inc. D/B/A Greenhill Hospital,LA,proprietary
264024,Lakeland Behavioral Health System,MO,proprietary
444004,Lakeside Behavioral Health System,TN,proprietary
194058,Lakeview Regional Hospital,LA,proprietary
104015,Larkin Community Hospital Behavioral Health Services,FL,proprietary
104079,Larkin Community Hospital Behavioral Health Services,FL,proprietary
154008,Larue D. Carter Memorial Hospital,IN,proprietary
054078,Las Encinas Hospital,CA,proprietary
454060,Laurel Ridge Treatment Center,TX,proprietary
194083,Liberty Healthcare - Bastrop,LA,proprietary
194074,Liberty HealthCare - Farmerville,LA,proprietary
424002,Lighthouse Care Center of Conway,SC,proprietary
184012,Lincoln Trail Behavioral Health System,KY,proprietary
364044,Linder Center of Hope,OH,proprietary
044018,Living Hope Little Rock,AR,proprietary
044016,Living Hope Texarkana,AR,proprietary
454118,Lone Star Behavioral Health,TX,proprietary
194022,Longleaf Hospital,LA,proprietary
454034,"Meadow Pines, A Psych Hospital",TX,proprietary
374010,MEADOWLAKE HOSPITAL,OK,proprietary
084003,MeadowWood Hospital,DE,proprietary
154040,Memorial Epworth Center,IN,proprietary
254002,Memorial Hospital at Gulfport - Behavioral Health,MS,proprietary
324004,Memorial Psychiatric Hospital,NM,proprietary
404002,Mepsi Center,PR,proprietary
154053,Meridian Health Services Muncie Campus,IN,proprietary
454124,Mesa Springs,TX,proprietary
324010,Mesilla Valley Hospital,NM,proprietary
194023,METHODIST PSYCHIATRIC PAVILLION,LA,proprietary
154047,Michiana Behavioral Health Center,IN,proprietary
454012,Millwood Hospital,TX,proprietary
454102,Mission Vista Behavioral Health Center,TX,proprietary
454078,Mission Vista Behavioral Health Center,TX,proprietary
294009,Montevista Hospital,NV,proprietary
294004,Montevista Hospital,NV,proprietary
064016,Mountain Crest Behavioral Healthcare Center,CO,proprietary
014006,Mountain View Hospital,AL,proprietary
154063,NeuroPsychiatric Hospital of Indianapolis,IN,proprietary
054135,Newport Bay Hospital,CA,proprietary
024001,"North Star Hospital, DeBarr Campus",AK,proprietary
104075,North Tampa Behavioral Health,FL,proprietary
184006,NorthKey Community Care,KY,proprietary
194019,Northshore Psychiatric Hospital,LA,proprietary
104023,Northside Mental Health Center,FL,proprietary
394006,Northwestern Institute,PA,proprietary
374013,OAK CREST HOSPITAL,OK,proprietary
444023,Oakhills Behavorial Center Mature Adult Services,TN,proprietary
044021,OakRidge Behavioral Center,AR,proprietary
034029,Oasis Behavioral Health - Chandler,AZ,proprietary
054153,Ocean View Psychiatric Facility,CA,proprietary
194098,Oceans Behavioral Hospital - Greater New Orleans,LA,proprietary
454122,Oceans Behavioral Hospital Abilene,TX,proprietary
194096,Oceans Behavioral Hospital Alexandria,LA,proprietary
194086,Oceans Behavioral Hospital Baton Rouge,LA,proprietary
194073,Oceans Behavioral Hospital Broussard,LA,proprietary
194081,Oceans Behavioral Hospital DeRidder,LA,proprietary
194091,Oceans Behavioral Hospital Kentwood,LA,proprietary
194090,Oceans Behavioral Hospital Lake Charles,LA,proprietary
454117,Oceans Behavioral Hospital Longview,TX,proprietary
454116,Oceans Behavioral Hospital Lufkin,TX,proprietary
454123,Oceans Behavioral Hospital Lufkin,TX,proprietary
194110,Oceans Behavioral Hospital of DeSoto,LA,proprietary
454128,Oceans Behavioral Hospital of Fort Worth,TX,proprietary
454136,Oceans Behavioral Hospital of Katy,TX,proprietary
194095,Oceans Behavioral Hospital Opelousas,LA,proprietary
454130,Oceans Behavioral Hospital Plano,TX,proprietary
454137,Oceans Behavioral Hospital San Marcos,TX,proprietary
194076,Oceans Behavioral Hospital Winnfield,LA,proprietary
454110,Oceans Behavioral Permian Basin,TX,proprietary
364041,Ohio Hospital for Psychiatry,OH,proprietary
364032,OHIO PSYCHIATRIC INSTITUTE,OH,proprietary
344007,Old Vineyard Behavioral Health Services,NC,proprietary
464010,OLYMPUS VIEW,UT,proprietary
194078,Optima Specialty Hospital,LA,proprietary
154057,Options Behavioral Health System,IN,proprietary
264031,Osage Beach Center for Cognitive Disorders,MO,proprietary
384006,PACIFIC GATEWAY HOSPITAL,OR,proprietary
054130,Pacific Grove Hospital,CA,proprietary
054116,PACIFIC SHORES HOSPITAL,CA,proprietary
424006,Palmetto Lowcountry Behavioral Hospital,SC,proprietary
034030,Palo Verde Behavioral Health,AZ,proprietary
404004,Panamericano,PR,proprietary
104074,Park Royal Hospital,FL,proprietary
174018,PARKVIEW HOSPITAL OF TOPEKA,KS,proprietary
254005,Parkwood Behavioral Health System,MS,proprietary
364039,PATHWAYS CENTER GERIATRIC PSYCH,OH,proprietary
114010,Peachford Hospital,GA,proprietary
324012,Peak Behavioral Health Services,NM,proprietary
064026,Peak View Behavioral Health,CO,proprietary
194097,Phoenix Behavioral Hospital,LA,proprietary
194094,Physicians Behavioral Hospital,LA,proprietary
494020,PIEDMONT BEHAVIORAL HEALTH CTR,VA,proprietary
134003,PINE CREST HOSPITAL,ID,proprietary
054105,PINE GROVE HOSPITAL,CA,proprietary
454056,PINELANDS HOSPITAL,TX,proprietary
044013,Pinnacle Pointe Hospital,AR,proprietary
324008,PINON HILLS HOSPITAL,NM,proprietary
364045,Pomegranate Health Systems,OH,proprietary
494022,Poplar Springs Hospital,VA,proprietary
104070,Port Saint Lucie Hospital,FL,proprietary
134011,Portneuf Medical Center Behavioral Health,ID,proprietary
354004,Prairie Saint John's Hospital,ND,proprietary
244016,PrairieCare Maple Grove,MN,proprietary
464014,Provo Canyon Behavioral Hospital,UT,proprietary
444018,Psychiatric Hospital at Vanderbilt,TN,proprietary
034031,Quail Run Behavioral Health,AZ,proprietary
234029,QUALI MED CO LLC - ARBORVIEW HOSP,MI,proprietary
454073,QUEST HOSPITAL,TX,proprietary
424014,Rebound Behavioral Health,SC,proprietary
194079,Red River Behavioral Center,LA,proprietary
454018,Red River Hospital & Behavioral Health Services,TX,proprietary
294008,Red Rock Behavioral Health Hospital,NV,proprietary
264016,Research Psychiatric Center,MO,proprietary
364026,RICHLAND HOSPITAL,OH,proprietary
364047,Ridgeview Behavioral Hospital,OH,proprietary
364043,Ridgeview Hospital,OH,proprietary
044007,Rivendell Behavioral Health Services of Arkansas,AR,proprietary
184017,Rivendell Behavioral Health Services of Kentucky,KY,proprietary
234031,RIVENDELL CTR.FOR BEHAVIORAL HLTH,MI,proprietary
104047,RIVENDELL OF BAY COUNTY,FL,proprietary
184016,RIVENDELL OF KENTUCKY,KY,proprietary
454064,River Crest Hospital,TX,proprietary
194031,River Oaks Hospital,LA,proprietary
194042,River Oaks Hospital--Child and Adolescent Hospital,LA,proprietary
514008,River Park Hospital,WV,proprietary
104016,River Point Behavioral Health,FL,proprietary
154061,RiverCrest Specialty Hospital,IN,proprietary
144009,Riveredge Hospital,IL,proprietary
194029,RIVERNORTH TREATMENT CENTER,LA,proprietary
264026,Riverside Hospital,MO,proprietary
184013,RiverValley Behavioral Health Hospital,KY,proprietary
044020,Riverview Behavioral Health,AR,proprietary
114035,RiverWoods Behavioral Health System,GA,proprietary
144030,Rock Creek Center,IL,proprietary
454125,Rock Prairie Behavioral Health,TX,proprietary
454127,Rock Springs,TX,proprietary
084002,Rockford Center,DE,proprietary
444007,Rolling Hills Hospital,TN,proprietary
374016,Rolling Hills Hospital,OK,proprietary
054097,ROSS HOSPITAL,CA,proprietary
394050,Roxbury Treatment Center,PA,proprietary
334033,Rye Hospital Center,NY,proprietary
134009,Safe Haven Hospital of Treasure Valley,ID,proprietary
194088,Saint James Behavioral Health Hospital,LA,proprietary
194063,Saint James Parish Hospital - Mental Health,LA,proprietary
034013,Saint Luke's Behavioral Health Center,AZ,proprietary
114016,Saint Simons By-The-Sea,GA,proprietary
464013,Salt Lake Behavioral Health,UT,proprietary
454132,San Antonio Behavioral Healthcare Hospital,TX,proprietary
404005,San Juan Capestrano Hospital,PR,proprietary
054152,Santa Cruz County Psychiatric Health Facility,CA,proprietary
104036,Savannas Hospital,FL,proprietary
134015,Sawtooth Behavioral Health,ID,proprietary
194100,Seaside Behavioral Center-New Orleans,LA,proprietary
194103,Seaside Health System-Baton Rouge,LA,proprietary
294012,Seven Hills Behavioral Institute,NV,proprietary
374024,Shadow Mountain Behavioral Health System,OK,proprietary
214015,Sheppard Pratt at Ellicott City,MD,proprietary
054087,Sierra Vista Hospital,CA,proprietary
264030,Signature Psychiatric Hospital,MO,proprietary
494028,Snowden at Fredericksburg,VA,proprietary
054141,Solano Psychiatric Health Facility,CA,proprietary
034022,Sonora Behavioral Health Hospital,AZ,proprietary
224041,Southcoast Behavioral Health Hospital,MA,proprietary
104049,Southern Winds Hospital,FL,proprietary
294010,Spring Mountain Sahara,NV,proprietary
294011,Spring Mountain Treatment Center,NV,proprietary
424007,SpringBrook Behavioral Health System,SC,proprietary
104057,Springbrook Hospital,FL,proprietary
044019,Springwoods Behavioral Health,AR,proprietary
344030,Stategic Behavioral Center-Wilmington,NC,proprietary
194093,Stonewall Hospital for Behavioral Health,LA,proprietary
194059,STONEWALL MEDICAL CENTER,LA,proprietary
334059,Stony Lodge Hospital,NY,proprietary
344031,Strategic Behavioral Center-Charlotte,NC,proprietary
344028,Strategic Behavioral Health-Raleigh,NC,proprietary
144034,Streamwood Behavioral Health Center,IL,proprietary
314001,Summit Oaks Hospital,NJ,proprietary
114004,SummitRidge Hospital,GA,proprietary
054126,SUN RIDGE HOSPITAL,CA,proprietary
134013,SunBridge Care and Rehabilitation for Twin Falls,ID,proprietary
104078,Suncoast Behavioral Health Center,FL,proprietary
454113,Sundance Hospital,TX,proprietary
104045,Sunrise Regional Medical Center,FL,proprietary
154059,Sycamore Springs,IN,proprietary
194066,SYNERGY HOSPITAL LLC,LA,proprietary
054148,Tarzana Treatment Center,CA,proprietary
444022,Ten Broeck Tennessee,TN,proprietary
364042,Ten Lakes Center,OH,proprietary
454111,Texas Star Recovery,TX,proprietary
344015,The Behavioral Health Center,NC,proprietary
454107,The Behavioral of Hospital of Bellaire,TX,proprietary
044005,The BridgeWay Hospital,AR,proprietary
184007,The Brook Hospital - Dupont,KY,proprietary
184008,The Brook Hospital - KMI,KY,proprietary
424010,The Carolina Center for Behavioral Health,SC,proprietary
454066,THE HAVEN,TX,proprietary
394040,The Meadows Psychiatric Center,PA,proprietary
094004,The Psychiatric Institute of Washington,DC,proprietary
184009,The Ridge Behavioral Health System,KY,proprietary
014016,The Sanctuary at the Woodlands,AL,proprietary
354005,The Stadter Center,ND,proprietary
104071,The Vines Hospital,FL,proprietary
224039,The Whittier Pavilion,MA,proprietary
104063,The Willough at Naples,FL,proprietary
424008,Three Rivers Behavioral Health,SC,proprietary
454081,Timberlawn Mental Health System,TX,proprietary
264017,Two Rivers Psychiatric Hospital,MO,proprietary
104076,University Behavioral Center,FL,proprietary
454104,University Behavioral Health of Denton,TX,proprietary
154024,Valle Vista Hospital,IN,proprietary
044006,Valley Behavioral Health System,AR,proprietary
034026,Valley Hospital Phoenix,AZ,proprietary
264021,VALUEMARK BEHAV. HLTH/C KANSAS CITY,MO,proprietary
114031,VALUEMARK BRAWNER BEHAV HLTH-S,GA,proprietary
114000,VALUEMARK BRAWNER BEHAV. HLTH/C N.,GA,proprietary
494026,VALUEMARK W. END BEHAV. HLTH/C SYS.,VA,proprietary
054050,VAN NUYS HOSPITAL,CA,proprietary
044004,Vantage Point of Northwest Arkansas,AR,proprietary
494025,Virginia Beach Psychiatric Center,VA,proprietary
054077,Vista Del Mar Hospital,CA,proprietary
344006,Wake Forest University Baptist Behavioral Health,NC,proprietary
224038,Walden Behavioral Care,MA,proprietary
104069,Wekiva Springs,FL,proprietary
154051,Wellstone Regional Hospital,IN,proprietary
294003,West Hills Hospital,NV,proprietary
454026,West Oaks Hospital,TX,proprietary
034019,WESTCENTER REHABILITATION CENTER,AZ,proprietary
194075,Westend Hospital,LA,proprietary
454131,Westpark Springs,TX,proprietary
224023,Westwood Lodge,MA,proprietary
424003,William S. Hall Psychiatric Institute,SC,proprietary
374017,Willow Crest Hospital,OK,proprietary
104005,WINDMOOR HEALTHCARE,FL,proprietary
104017,Windmoor Healthcare,FL,proprietary
364017,Windsor Hospital,OH,proprietary
364029,Windsor-Laurelwood Center,OH,proprietary
494031,WOODSIDE HOSPITAL LLC,VA,proprietary
534004,Wyoming Behavioral Institute,WY,proprietary
214013,Adventist HealthCare Behavioral Health & Wellness Services Rockville,MD,nonprofit
144031,Alexian Brothers Behavioral Health Hospital,IL,nonprofit
104059,"Apalachee Center, Inc.",FL,nonprofit
034015,ASPEN HILL HOSPITAL,AZ,nonprofit
104067,Aspire Health Partners -Princeton Plaza,FL,nonprofit
524000,Aurora Psychiatric Hospital,WI,nonprofit
034004,Banner Behavioral Health Hospital,AZ,nonprofit
314022,Barnabas Behavioral Health Center,NJ,nonprofit
264029,Barnes-Jewish Hospital Psychiatric Support Center,MO,nonprofit
524038,Bellin Health Psychiatric Center,WI,nonprofit
394023,Belmont Center for Comprehensive Treatment,PA,nonprofit
464007,Benchmark Behavioral Health System,UT,nonprofit
154014,Bowen Center - Warsaw,IN,nonprofit
474001,Brattleboro Retreat,VT,nonprofit
214003,Brook Lane,MD,nonprofit
414000,Butler Hospital,RI,nonprofit
494002,Carilion Clinic Saint Albans Hospital,VA,nonprofit
184000,CARITAS Peace Center,KY,nonprofit
314012,Carrier Clinic,NJ,nonprofit
104040,Centerstone of Florida,FL,nonprofit
404009,Centro Salud Conductual Menonita,PR,nonprofit
214017,CHESTNUT LODGE HOSPITAL,MD,nonprofit
224029,CHOATE HEALTH SYSTEMS,MA,nonprofit
314019,Christian Health Care Center,NJ,nonprofit
154011,"Community Mental Health Center, Inc.",IN,nonprofit
154021,Cornerstone Behavioral Health Center,IN,nonprofit
334056,CRAIG HOUSE CENTER,NY,nonprofit
264018,Crittenton Children's Center,MO,nonprofit
444016,Cumberland Hall of Chattanooga,TN,nonprofit
524040,DE PAUL HOSPITAL INC.,WI,nonprofit
154042,Deaconess Cross Pointe,IN,nonprofit
454085,Devereux Texas League City,TX,nonprofit
314026,East Mountain Hospital,NJ,nonprofit
014017,EastPointe Hospital,AL,nonprofit
394041,Edgewater Partial Hospitalization Program,PA,nonprofit
154056,Evansville State Hospital,IN,nonprofit
154034,Fairbanks Addiction Treatment Center,IN,nonprofit
044015,Fayetteville City Hospital,AR,nonprofit
114030,Floyd Behavioral Health Center,GA,nonprofit
394038,Foundations Behavioral Health,PA,nonprofit
154035,Four County Counseling Center,IN,nonprofit
334048,Gracie Square Hospital,NY,nonprofit
154009,"Hamilton Center, Inc.",IN,nonprofit
364003,HARDING HOSPITAL INC,OH,nonprofit
264028,Hawthorn Children's Psychiatric Hospital,MO,nonprofit
234011,Henry Ford Kingswood Hospital,MI,nonprofit
374018,HIGH POINTE,OK,nonprofit
514001,Highland Hospital,WV,nonprofit
394035,Huntington Hospital,PA,nonprofit
374003,Integris Mental Health Center,OK,nonprofit
454089,IntraCare Medical Center Hospital,TX,nonprofit
454083,IntraCare North Hospital,TX,nonprofit
104008,Jerome Golden Center For Behavioral Health,FL,nonprofit
054089,Jewish Home of San Francisco,CA,nonprofit
054131,John Muir Behavioral Health Center,CA,nonprofit
124001,Kahi Mohala Behavioral Health,HI,nonprofit
394047,KidsPeace Children's Hospital - KidsPeace Orchard Hills Campus,PA,nonprofit
394045,LAKEWOOD PSYCHIATRIC HOSPITAL,PA,nonprofit
374020,Laureate Psychiatric Clinic and Hospital,OK,nonprofit
014013,Laurel Oaks Behavioral Health Center,AL,nonprofit
254006,LAUREL WOOD CENTER,MS,nonprofit
104018,LifeStream Behavioral Center,FL,nonprofit
144035,Linden Oaks Hospital at Edward,IL,nonprofit
054093,Loma Linda University Behavioral Medicine Center,CA,nonprofit
504008,Lourdes Counseling Center,WA,nonprofit
224007,McLean Hospital,MA,nonprofit
054094,Memorial Center for Behavioral Health,CA,nonprofit
174003,MENNINGER CLINIC,KS,nonprofit
364040,Mental Health Services for Clark and Madison Counties,OH,nonprofit
044017,Methodist Behavioral Hospital,AR,nonprofit
394033,"Montgomery County Emergency Service, Inc.",PA,nonprofit
314010,Mount Carmel Guild Behavioral Health Hospital,NJ,nonprofit
074008,Natchaug Hospital,CT,nonprofit
504009,Navos West Seattle Campus,WA,nonprofit
014009,North Alabama Regional Hospital,AL,nonprofit
154050,Northeastern Center,IN,nonprofit
134014,Oak Creek Rehabilitation,ID,nonprofit
154031,Oaklawn,IN,nonprofit
154060,Park Center,IN,nonprofit
374005,PARKSIDE INC,OK,nonprofit
374021,Parkside Psychiatric Hospital and Clinic,OK,nonprofit
444017,Peninsula Hospital,TN,nonprofit
394051,Pennsylvania Psychiatric Institute,PA,nonprofit
394020,Philhaven,PA,nonprofit
234006,Pine Rest Christian Mental Health Services,MI,nonprofit
034027,PineView Hospital,AZ,nonprofit
154052,Porter Starke Services - Inpatient Care Center,IN,nonprofit
174016,Prairie View Psychiatric Hospital,KS,nonprofit
454032,Providence DePaul Center,TX,nonprofit
154017,Quinco Counsulting Center,IN,nonprofit
284007,Richard H. Young Hospital,NE,nonprofit
284008,Richard Young Center,NE,nonprofit
444003,Ridgeview Behavioral Health Services,TN,nonprofit
114012,Ridgeview Institute,GA,nonprofit
154005,River Bend Hospital,IN,nonprofit
494001,Riverside Behavioral Health Center,VA,nonprofit
154049,Riverside Hospital,IN,nonprofit
524018,Rogers Memorial Hospital - Oconomowoc,WI,nonprofit
264020,Royal Oaks Hospital,MO,nonprofit
074007,Rushford Center - Portland Campus,CT,nonprofit
044010,St. Bernard's Behavioral Health,AR,nonprofit
054074,Saint Helena Hospital Napa Valley,CA,nonprofit
464012,Saint Joseph Villa,UT,nonprofit
054123,Saint Joseph's Behavioral Health Center,CA,nonprofit
074000,"Saint Vincent's Medical Center - Behavioral Health Service, Westport Campus",CT,nonprofit
114034,Satilla Regional Medical Center,GA,nonprofit
454029,Seton Shoal Creek Hospital,TX,nonprofit
054012,Sharp Mesa Vista Hospital,CA,nonprofit
054145,Sharp Mesa Vista Hospital,CA,nonprofit
214000,Sheppard Pratt Hospital,MD,nonprofit
074014,Silver Hill Hospital,CT,nonprofit
334027,South Oaks Hospital,NY,nonprofit
204005,Spring Harbor Hospital,ME,nonprofit
194060,St. Patrick's Mental Health Services,LA,nonprofit
234038,Stonecrest Center,MI,nonprofit
154020,Strawhun Center for Mental Health,IN,nonprofit
054096,Sutter Center for Psychiatry,CA,nonprofit
204006,The Acadia Hospital,ME,nonprofit
114023,The Bradley Center of Saint Francis,GA,nonprofit
104068,The Centers-Airport Road Campus,FL,nonprofit
034023,The Guidance Center,AZ,nonprofit
244009,The Mayo Clinic Psychiatry and Psychology Treatment Center,MN,nonprofit
494032,The Pavilion at Williamsburg Place,VA,nonprofit
234040,The Samaritan Center,MI,nonprofit
424013,The William J. McCord Center,SC,nonprofit
104024,Twin Rivers Treatment Center,FL,nonprofit
454097,University Behavioral Health of El Paso,TX,nonprofit
144033,UNIVERSITY HOSPITAL,IL,nonprofit
444015,University of Tennessee Medical Group Inc.'s Psychiatry Department,TN,nonprofit
064023,West Springs Hospital,CO,nonprofit
234028,"Western Wayne - Aurora HealthCare, Inc.",MI,nonprofit
454086,WILLOW CREEK,TX,nonprofit
054149,Willow Rock Center,CA,nonprofit
034025,Windhaven Psychiatric Hospital,AZ,nonprofit
444006,Woodridge Hospital,TN,nonprofit
114024,WOODRIDGE PSYCHIATRIC HOSPITAL,GA,nonprofit
074013,Yale-New Haven Hospital,CT,nonprofit
